{"mode": "auto", "tests": [{"number": "4a-0-basic", "name": "simple test case", "score": 1, "max_score": 1, "visibility": "visible", "seconds": 0, "output": ""}, {"number": "4a-1-basic", "name": "simple test case", "score": 1, "max_score": 1, "visibility": "visible", "seconds": 0, "output": ""}, {"number": "4a-2-basic", "name": "big test case", "score": 1, "max_score": 1, "visibility": "visible", "seconds": 0, "output": ""}, {"number": "4b-0-basic", "name": "simple test case", "score": 1, "max_score": 1, "visibility": "visible", "seconds": 0, "output": ""}, {"number": "4b-1-hidden", "name": "100 random trials", "score": 0, "max_score": 2, "visibility": "after_published", "seconds": 0, "output": ""}, {"number": "4c-0-basic", "name": "simple test", "score": 1, "max_score": 1, "visibility": "visible", "seconds": 0, "output": ""}, {"number": "4c-1-hidden", "name": "random trials", "score": 0, "max_score": 2, "visibility": "after_published", "seconds": 0, "output": ""}, {"number": "4c-2-hidden", "name": "random trials (bigger)", "score": 0, "max_score": 3, "visibility": "after_published", "seconds": 0, "output": ""}, {"number": "4d-0-basic", "name": "simple test", "score": 1, "max_score": 1, "visibility": "visible", "seconds": 0, "output": ""}, {"number": "4d-1-hidden", "name": "random trials", "score": 0, "max_score": 3, "visibility": "after_published", "seconds": 0, "output": ""}, {"number": "4e-0-basic", "name": "simple test", "score": 1, "max_score": 1, "visibility": "visible", "seconds": 0, "output": ""}, {"number": "4e-1-hidden", "name": "random trials", "score": 0, "max_score": 3, "visibility": "after_published", "seconds": 0, "output": ""}, {"number": "4f-0-basic", "name": "simple test", "score": 1, "max_score": 1, "visibility": "visible", "seconds": 0, "output": ""}, {"number": "4f-1-hidden", "name": "random trials", "score": 0, "max_score": 1, "visibility": "after_published", "seconds": 0, "output": ""}, {"number": "4f-2-hidden", "name": "random trials (bigger)", "score": 0, "max_score": 2, "visibility": "after_published", "seconds": 0, "output": ""}], "leaderboard": []}
