{"mode": "all", "tests": [{"number": "1a", "name": "Written question: value iteration in basic MDP", "description": "Written question: value iteration in basic MDP", "max_seconds": null, "max_points": 3, "extra_credit": false, "basic": false}, {"number": "1b", "name": "Written question: optimal policy in basic MDP", "description": "Written question: optimal policy in basic MDP", "max_seconds": null, "max_points": 1, "extra_credit": false, "basic": false}, {"number": "2a", "name": "Written question: define new MDP solver for discounts < 1", "description": "Written question: define new MDP solver for discounts < 1", "max_seconds": null, "max_points": 4, "extra_credit": false, "basic": false}, {"number": "3a-0-basic", "name": "Basic test of VI on problem 1.", "description": "Basic test of VI on problem 1.", "max_seconds": 5, "max_points": 1, "extra_credit": false, "basic": true}, {"number": "3a-1-basic", "name": "Test on arbitrary n, reward and penalty.", "description": "Test on arbitrary n, reward and penalty.", "max_seconds": 5, "max_points": 2, "extra_credit": false, "basic": true}, {"number": "3a-2-hidden", "name": "Hidden test to make sure the code runs fast enough", "description": "Hidden test to make sure the code runs fast enough", "max_seconds": 14, "max_points": 2, "extra_credit": false, "basic": false}, {"number": "3b-0-basic", "name": "testing epsilon greedy for getAction.", "description": "testing epsilon greedy for getAction.", "max_seconds": 5, "max_points": 2, "extra_credit": false, "basic": true}, {"number": "3b-1-basic", "name": "basic test of incorporate feedback.", "description": "basic test of incorporate feedback.", "max_seconds": 5, "max_points": 2, "extra_credit": false, "basic": true}, {"number": "3b-2-basic", "name": "comprehensive test for incorporateFeedback.", "description": "comprehensive test for incorporateFeedback.", "max_seconds": 5, "max_points": 4, "extra_credit": false, "basic": true}, {"number": "3b-3-basic", "name": "Edge case handling.", "description": "Edge case handling.", "max_seconds": 5, "max_points": 2, "extra_credit": false, "basic": true}, {"number": "3c", "name": "Written question: discussion of MC Value Iteration performance.", "description": "Written question: discussion of MC Value Iteration performance.", "max_seconds": null, "max_points": 2, "extra_credit": false, "basic": false}, {"number": "4a-0-basic", "name": "Basic test for incorporateFeedback.", "description": "Basic test for incorporateFeedback.", "max_seconds": 5, "max_points": 5, "extra_credit": false, "basic": true}, {"number": "4a-1-basic", "name": "Basic test for getAction.", "description": "Basic test for getAction.", "max_seconds": 5, "max_points": 3, "extra_credit": false, "basic": true}, {"number": "4a-2-hidden", "name": "Hidden test for getAction.", "description": "Hidden test for getAction.", "max_seconds": 5, "max_points": 2, "extra_credit": false, "basic": false}, {"number": "4b-0-basic", "name": "Basic test of fourierFeatureExtractor.", "description": "Basic test of fourierFeatureExtractor.", "max_seconds": 5, "max_points": 5, "extra_credit": false, "basic": true}, {"number": "4c-0-basic", "name": "Basic tests for getQ on FA.", "description": "Basic tests for getQ on FA.", "max_seconds": 5, "max_points": 2, "extra_credit": false, "basic": true}, {"number": "4c-1-basic", "name": "Basic tests for getAction on FA.", "description": "Basic tests for getAction on FA.", "max_seconds": 5, "max_points": 3, "extra_credit": false, "basic": true}, {"number": "4c-2-basic", "name": "Basic tests for incorporateFeedback on FA.", "description": "Basic tests for incorporateFeedback on FA.", "max_seconds": 5, "max_points": 5, "extra_credit": false, "basic": true}, {"number": "4d", "name": "Written question: discussion of Q-Learning performance.", "description": "Written question: discussion of Q-Learning performance.", "max_seconds": null, "max_points": 2, "extra_credit": false, "basic": false}, {"number": "4e", "name": "Written question: Advantages of function approximation Q-Learning.", "description": "Written question: Advantages of function approximation Q-Learning.", "max_seconds": null, "max_points": 2, "extra_credit": false, "basic": false}, {"number": "5a", "name": "Written question: self.max_speed", "description": "Written question: self.max_speed", "max_seconds": null, "max_points": 2, "extra_credit": false, "basic": false}, {"number": "5b", "name": "Written question: removing max_speed", "description": "Written question: removing max_speed", "max_seconds": null, "max_points": 1, "extra_credit": false, "basic": false}, {"number": "5c", "name": "Written question: output and reward of constrained QL", "description": "Written question: output and reward of constrained QL", "max_seconds": null, "max_points": 2, "extra_credit": false, "basic": false}, {"number": "5c-helper", "name": "Helper function to compare optimal policies over max speed constraints.", "description": "Helper function to compare optimal policies over max speed constraints.", "max_seconds": 60, "max_points": 0, "extra_credit": false, "basic": true}, {"number": "5d", "name": "Written question: real world safe RL context", "description": "Written question: real world safe RL context", "max_seconds": null, "max_points": 2, "extra_credit": false, "basic": false}], "leaderboard": []}
