{"(7, 10)": 2, "(7, 11)": 2, "(8, 11)": 2, "(8, 10)": 0, "(8, 9)": 0, "(7, 9)": 0, "(9, 11)": 0, "(9, 10)": 0, "(9, 9)": 0, "(8, 8)": 0, "(7, 8)": 0, "(6, 9)": 1, "(6, 10)": 2, "(6, 11)": 2, "(7, 12)": 2, "(8, 12)": 2, "(9, 12)": 2, "(10, 11)": 0, "(10, 10)": 0, "(9, 8)": 0, "(7, 7)": 0, "(6, 8)": 0, "(5, 8)": 0, "(5, 9)": 2, "(5, 10)": 2, "(5, 11)": 2, "(6, 12)": 2, "(8, 13)": 2, "(10, 12)": 0, "(10, 9)": 0, "(10, 8)": 0, "(9, 7)": 0, "(8, 7)": 0, "(6, 7)": 0, "(4, 9)": 2, "(4, 10)": 2, "(4, 11)": 2, "(5, 12)": 2, "(5, 13)": 2, "(6, 13)": 2, "(6, 14)": 2, "(7, 14)": 2, "(8, 14)": 2, "(9, 14)": 2, "(10, 13)": 2, "(11, 12)": 1, "(11, 11)": 0, "(11, 10)": 0, "(11, 9)": 0, "(11, 8)": 0, "(10, 7)": 0, "(9, 6)": 0, "(8, 6)": 0, "(7, 6)": 0, "(6, 6)": 0, "(5, 7)": 0, "(4, 8)": 2, "(4, 12)": 2, "(10, 14)": 2, "(11, 13)": 2, "(7, 13)": 2, "(9, 13)": 2, "(5, 6)": 0, "(4, 7)": 2, "(3, 9)": 2, "(3, 10)": 2, "(3, 11)": 1, "(4, 13)": 2, "(12, 11)": 0, "(12, 10)": 0, "(12, 9)": 0, "(11, 7)": 0, "(7, 15)": 2, "(10, 6)": 0, "(8, 15)": 2, "(9, 15)": 2, "(11, 14)": 2, "(12, 13)": 2, "(12, 12)": 2, "(12, 8)": 0, "(12, 7)": 0, "(11, 6)": 0, "(9, 5)": 0, "(8, 5)": 0, "(7, 5)": 0, "(5, 14)": 2, "(3, 8)": 2, "(3, 12)": 2, "(6, 15)": 2, "(6, 5)": 0, "(3, 7)": 1, "(4, 14)": 2, "(5, 15)": 2, "(10, 15)": 2, "(13, 11)": 0, "(13, 10)": 0, "(13, 9)": 0, "(10, 5)": 0, "(8, 4)": 0, "(7, 4)": 0, "(5, 5)": 0, "(4, 6)": 0, "(2, 8)": 2, "(2, 9)": 2, "(2, 10)": 2, "(2, 11)": 2, "(2, 12)": 2, "(3, 13)": 2, "(11, 15)": 1, "(12, 14)": 2, "(13, 13)": 2, "(13, 12)": 2, "(13, 8)": 0, "(12, 6)": 0, "(11, 5)": 0, "(10, 4)": 0, "(9, 4)": 0, "(6, 4)": 0, "(5, 4)": 0, "(4, 5)": 0, "(3, 6)": 0, "(2, 7)": 2, "(14, 11)": 1, "(14, 10)": 0, "(14, 9)": 0, "(13, 7)": 0, "(7, 16)": 2, "(8, 16)": 2, "(9, 16)": 2, "(1, 8)": 2, "(1, 9)": 2, "(1, 10)": 2, "(1, 11)": 2, "(2, 13)": 2, "(3, 14)": 2, "(4, 15)": 2, "(5, 16)": 2, "(6, 16)": 2, "(10, 16)": 2, "(12, 15)": 2, "(13, 14)": 2, "(14, 13)": 2, "(14, 12)": 2, "(14, 8)": 0, "(14, 7)": 0, "(13, 6)": 0, "(12, 5)": 0, "(3, 5)": 0, "(2, 6)": 2, "(1, 7)": 1, "(1, 12)": 2, "(2, 14)": 2, "(8, 17)": 2, "(9, 17)": 2, "(10, 17)": 2, "(11, 16)": 2, "(12, 16)": 2, "(13, 15)": 2, "(14, 14)": 2, "(15, 12)": 2, "(15, 11)": 2, "(15, 10)": 0, "(15, 9)": 0, "(15, 8)": 0, "(14, 6)": 0, "(11, 4)": 0, "(10, 3)": 0, "(9, 3)": 0, "(8, 3)": 0, "(7, 3)": 1, "(6, 3)": 2, "(5, 3)": 1, "(4, 4)": 0, "(3, 4)": 2, "(2, 5)": 2, "(1, 6)": 1, "(0, 10)": 2, "(1, 13)": 2, "(7, 17)": 1, "(3, 15)": 2, "(4, 16)": 2, "(6, 17)": 2, "(11, 17)": 2, "(13, 16)": 2, "(14, 15)": 2, "(15, 14)": 2, "(15, 13)": 2, "(16, 13)": 2, "(16, 12)": 2, "(17, 12)": 2, "(17, 11)": 2, "(17, 10)": 2, "(17, 9)": 0, "(16, 9)": 0, "(16, 8)": 0, "(15, 7)": 0, "(15, 6)": 0, "(13, 5)": 0, "(12, 4)": 1, "(8, 2)": 0, "(7, 2)": 2, "(6, 2)": 1, "(5, 2)": 0, "(4, 3)": 2, "(3, 3)": 1, "(2, 4)": 1, "(1, 4)": 1, "(1, 5)": 2, "(12, 17)": 1, "(15, 15)": 2, "(16, 14)": 2, "(17, 13)": 2, "(18, 13)": 1, "(13, 4)": 0, "(11, 3)": 0, "(9, 2)": 2, "(16, 7)": 0, "(14, 5)": 1, "(18, 10)": 2, "(16, 11)": 2, "(16, 10)": 0, "(18, 12)": 2, "(18, 11)": 2, "(9, 18)": 0, "(17, 8)": 0, "(12, 3)": 2, "(4, 2)": 2, "(2, 3)": 2, "(10, 2)": 2, "(18, 9)": 2, "(5, 17)": 1, "(7, 18)": 1, "(8, 18)": 2, "(14, 16)": 2, "(17, 14)": 2, "(16, 15)": 0, "(10, 18)": 1, "(13, 17)": 0, "(18, 14)": 2, "(3, 2)": 0, "(7, 1)": 1, "(6, 1)": 0, "(11, 18)": 2, "(16, 6)": 1, "(15, 5)": 2, "(11, 2)": 1, "(3, 16)": 2, "(15, 16)": 2, "(2, 15)": 2, "(8, 1)": 0, "(5, 1)": 1, "(4, 17)": 2, "(6, 18)": 1}